ip,port,err,checkurl,g_idx
1.20.103.196,42792,asyncio.exceptions.TimeoutError,https://whatismyipaddress.com/zh-cn/index,0
1.20.103.196,42792,asyncio.exceptions.TimeoutError,https://httpbin.org/ip,0
1.20.103.196,42792,asyncio.exceptions.TimeoutError,https://www.rus.net.tw/myip.php,0
1.20.103.196,42792,asyncio.exceptions.TimeoutError,https://www.whatismyip.com/,0
1.20.103.196,42792,asyncio.exceptions.TimeoutError,https://www.whatismyip.com.tw/tw/,0
1.20.103.196,42792,asyncio.exceptions.TimeoutError,https://www.myip.com/,0
1.20.103.196,42792,asyncio.exceptions.TimeoutError,http://210.240.175.62/NTIIS/IP_test.asp,0
103.253.27.108,80,[Errno 104] Connection reset by peer,https://www.myip.com/,1
103.253.27.108,80,[Errno 104] Connection reset by peer,https://www.whatismyip.com/,1
103.253.27.108,80,[Errno 104] Connection reset by peer,https://www.rus.net.tw/myip.php,1
103.253.27.108,80,[Errno 104] Connection reset by peer,https://httpbin.org/ip,1
103.253.27.108,80,[Errno 104] Connection reset by peer,http://210.240.175.62/NTIIS/IP_test.asp,1
103.253.27.108,80,[Errno 104] Connection reset by peer,https://whatismyipaddress.com/zh-cn/index,1
103.253.27.108,80,[Errno 104] Connection reset by peer,https://www.whatismyip.com.tw/tw/,1
103.253.27.150,2021,asyncio.exceptions.TimeoutError,https://www.rus.net.tw/myip.php,2
103.253.27.150,2021,asyncio.exceptions.TimeoutError,https://whatismyipaddress.com/zh-cn/index,2
103.253.27.150,2021,asyncio.exceptions.TimeoutError,https://www.whatismyip.com/,2
103.253.27.150,2021,asyncio.exceptions.TimeoutError,https://www.myip.com/,2
103.253.27.150,2021,asyncio.exceptions.TimeoutError,http://210.240.175.62/NTIIS/IP_test.asp,2
103.253.27.150,2021,asyncio.exceptions.TimeoutError,https://www.whatismyip.com.tw/tw/,2
103.253.27.150,2021,asyncio.exceptions.TimeoutError,https://httpbin.org/ip,2
103.47.66.154,8080,asyncio.exceptions.TimeoutError,https://www.rus.net.tw/myip.php,3
103.47.66.154,8080,asyncio.exceptions.TimeoutError,https://whatismyipaddress.com/zh-cn/index,3
103.47.66.154,8080,asyncio.exceptions.TimeoutError,https://www.myip.com/,3
103.47.66.154,8080,asyncio.exceptions.TimeoutError,https://www.whatismyip.com.tw/tw/,3
103.47.66.154,8080,asyncio.exceptions.TimeoutError,http://210.240.175.62/NTIIS/IP_test.asp,3
103.47.66.154,8080,asyncio.exceptions.TimeoutError,https://httpbin.org/ip,3
103.47.66.154,8080,asyncio.exceptions.TimeoutError,https://www.whatismyip.com/,3
103.94.199.41,8080,[Errno 104] Connection reset by peer,https://www.whatismyip.com.tw/tw/,4
103.94.199.41,8080,asyncio.exceptions.TimeoutError,https://www.rus.net.tw/myip.php,4
103.94.199.41,8080,asyncio.exceptions.TimeoutError,https://whatismyipaddress.com/zh-cn/index,4
103.94.199.41,8080,asyncio.exceptions.TimeoutError,https://www.myip.com/,4
103.94.199.41,8080,asyncio.exceptions.TimeoutError,https://www.whatismyip.com/,4
103.94.199.41,8080,asyncio.exceptions.TimeoutError,http://210.240.175.62/NTIIS/IP_test.asp,4
103.94.199.41,8080,asyncio.exceptions.TimeoutError,https://httpbin.org/ip,4
104.238.81.186,56227,"Cannot connect to host 104.238.81.186:56227 ssl:default [Connect call failed ('104.238.81.186', 56227)]",https://www.rus.net.tw/myip.php,5
104.238.81.186,56227,"Cannot connect to host 104.238.81.186:56227 ssl:default [Connect call failed ('104.238.81.186', 56227)]",https://httpbin.org/ip,5
104.238.81.186,56227,"Cannot connect to host 104.238.81.186:56227 ssl:default [Connect call failed ('104.238.81.186', 56227)]",https://www.whatismyip.com.tw/tw/,5
104.238.81.186,56227,"Cannot connect to host 104.238.81.186:56227 ssl:default [Connect call failed ('104.238.81.186', 56227)]",https://www.whatismyip.com/,5
104.238.81.186,56227,"Cannot connect to host 104.238.81.186:56227 ssl:default [Connect call failed ('104.238.81.186', 56227)]",https://whatismyipaddress.com/zh-cn/index,5
104.238.81.186,56227,"Cannot connect to host 104.238.81.186:56227 ssl:default [Connect call failed ('104.238.81.186', 56227)]",http://210.240.175.62/NTIIS/IP_test.asp,5
104.238.81.186,56227,"Cannot connect to host 104.238.81.186:56227 ssl:default [Connect call failed ('104.238.81.186', 56227)]",https://www.myip.com/,5
113.53.29.218,33885,asyncio.exceptions.TimeoutError,http://210.240.175.62/NTIIS/IP_test.asp,6
113.53.29.218,33885,asyncio.exceptions.TimeoutError,https://www.rus.net.tw/myip.php,6
113.53.29.218,33885,asyncio.exceptions.TimeoutError,https://www.myip.com/,6
113.53.29.218,33885,asyncio.exceptions.TimeoutError,https://www.whatismyip.com.tw/tw/,6
113.53.29.218,33885,asyncio.exceptions.TimeoutError,https://whatismyipaddress.com/zh-cn/index,6
113.53.29.218,33885,asyncio.exceptions.TimeoutError,https://httpbin.org/ip,6
113.53.29.218,33885,"status=403, or ip not show in checkurl",https://www.whatismyip.com/,6
113.53.83.212,44664,asyncio.exceptions.TimeoutError,http://210.240.175.62/NTIIS/IP_test.asp,7
113.53.83.212,44664,asyncio.exceptions.TimeoutError,https://www.whatismyip.com.tw/tw/,7
113.53.83.212,44664,asyncio.exceptions.TimeoutError,https://www.whatismyip.com/,7
113.53.83.212,44664,asyncio.exceptions.TimeoutError,https://whatismyipaddress.com/zh-cn/index,7
113.53.83.212,44664,asyncio.exceptions.TimeoutError,https://httpbin.org/ip,7
113.53.83.212,44664,asyncio.exceptions.TimeoutError,https://www.myip.com/,7
113.53.83.212,44664,asyncio.exceptions.TimeoutError,https://www.rus.net.tw/myip.php,7
115.75.1.184,8118,asyncio.exceptions.TimeoutError,https://www.rus.net.tw/myip.php,8
115.75.1.184,8118,asyncio.exceptions.TimeoutError,https://httpbin.org/ip,8
115.75.1.184,8118,asyncio.exceptions.TimeoutError,http://210.240.175.62/NTIIS/IP_test.asp,8
115.75.1.184,8118,asyncio.exceptions.TimeoutError,https://www.whatismyip.com/,8
115.75.1.184,8118,asyncio.exceptions.TimeoutError,https://www.whatismyip.com.tw/tw/,8
115.75.1.184,8118,asyncio.exceptions.TimeoutError,https://whatismyipaddress.com/zh-cn/index,8
115.75.1.184,8118,asyncio.exceptions.TimeoutError,https://www.myip.com/,8
115.85.65.147,39736,asyncio.exceptions.TimeoutError,https://www.rus.net.tw/myip.php,9
115.85.65.147,39736,asyncio.exceptions.TimeoutError,https://httpbin.org/ip,9
115.85.65.147,39736,asyncio.exceptions.TimeoutError,https://www.whatismyip.com/,9
115.85.65.147,39736,asyncio.exceptions.TimeoutError,https://whatismyipaddress.com/zh-cn/index,9
115.85.65.147,39736,asyncio.exceptions.TimeoutError,https://www.myip.com/,9
115.85.65.147,39736,asyncio.exceptions.TimeoutError,http://210.240.175.62/NTIIS/IP_test.asp,9
115.85.65.147,39736,asyncio.exceptions.TimeoutError,https://www.whatismyip.com.tw/tw/,9
117.218.60.147,81,asyncio.exceptions.TimeoutError,http://210.240.175.62/NTIIS/IP_test.asp,10
117.218.60.147,81,asyncio.exceptions.TimeoutError,https://www.whatismyip.com/,10
117.218.60.147,81,asyncio.exceptions.TimeoutError,https://httpbin.org/ip,10
117.218.60.147,81,asyncio.exceptions.TimeoutError,https://www.myip.com/,10
117.218.60.147,81,asyncio.exceptions.TimeoutError,https://whatismyipaddress.com/zh-cn/index,10
117.218.60.147,81,asyncio.exceptions.TimeoutError,https://www.rus.net.tw/myip.php,10
117.218.60.147,81,asyncio.exceptions.TimeoutError,https://www.whatismyip.com.tw/tw/,10
118.173.232.5,34413,asyncio.exceptions.TimeoutError,https://whatismyipaddress.com/zh-cn/index,11
118.173.232.5,34413,asyncio.exceptions.TimeoutError,https://httpbin.org/ip,11
118.173.232.5,34413,asyncio.exceptions.TimeoutError,http://210.240.175.62/NTIIS/IP_test.asp,11
118.173.232.5,34413,asyncio.exceptions.TimeoutError,https://www.myip.com/,11
118.173.232.5,34413,asyncio.exceptions.TimeoutError,https://www.rus.net.tw/myip.php,11
118.173.232.5,34413,asyncio.exceptions.TimeoutError,https://www.whatismyip.com/,11
118.173.232.5,34413,asyncio.exceptions.TimeoutError,https://www.whatismyip.com.tw/tw/,11
118.70.12.171,53281,asyncio.exceptions.TimeoutError,https://httpbin.org/ip,12
118.70.12.171,53281,asyncio.exceptions.TimeoutError,https://www.rus.net.tw/myip.php,12
118.70.12.171,53281,asyncio.exceptions.TimeoutError,http://210.240.175.62/NTIIS/IP_test.asp,12
118.70.12.171,53281,asyncio.exceptions.TimeoutError,https://whatismyipaddress.com/zh-cn/index,12
118.70.12.171,53281,asyncio.exceptions.TimeoutError,https://www.whatismyip.com/,12
118.70.12.171,53281,asyncio.exceptions.TimeoutError,https://www.myip.com/,12
118.70.12.171,53281,asyncio.exceptions.TimeoutError,https://www.whatismyip.com.tw/tw/,12
124.41.243.72,44716,Server disconnected,https://www.whatismyip.com.tw/tw/,13
124.41.243.72,44716,asyncio.exceptions.TimeoutError,https://www.rus.net.tw/myip.php,13
124.41.243.72,44716,asyncio.exceptions.TimeoutError,https://www.whatismyip.com/,13
124.41.243.72,44716,asyncio.exceptions.TimeoutError,https://www.myip.com/,13
124.41.243.72,44716,asyncio.exceptions.TimeoutError,https://whatismyipaddress.com/zh-cn/index,13
124.41.243.72,44716,asyncio.exceptions.TimeoutError,http://210.240.175.62/NTIIS/IP_test.asp,13
124.41.243.72,44716,asyncio.exceptions.TimeoutError,https://httpbin.org/ip,13
147.91.111.132,37979,Server disconnected,https://www.whatismyip.com.tw/tw/,14
147.91.111.132,37979,asyncio.exceptions.TimeoutError,https://whatismyipaddress.com/zh-cn/index,14
147.91.111.132,37979,asyncio.exceptions.TimeoutError,http://210.240.175.62/NTIIS/IP_test.asp,14
147.91.111.132,37979,asyncio.exceptions.TimeoutError,https://www.whatismyip.com/,14
147.91.111.132,37979,asyncio.exceptions.TimeoutError,https://www.myip.com/,14
147.91.111.132,37979,asyncio.exceptions.TimeoutError,https://httpbin.org/ip,14
147.91.111.132,37979,"status=200, or ip not show in checkurl",https://www.rus.net.tw/myip.php,14
154.73.137.157,52820,asyncio.exceptions.TimeoutError,http://210.240.175.62/NTIIS/IP_test.asp,15
154.73.137.157,52820,asyncio.exceptions.TimeoutError,https://www.rus.net.tw/myip.php,15
154.73.137.157,52820,asyncio.exceptions.TimeoutError,https://whatismyipaddress.com/zh-cn/index,15
154.73.137.157,52820,asyncio.exceptions.TimeoutError,https://www.whatismyip.com.tw/tw/,15
154.73.137.157,52820,asyncio.exceptions.TimeoutError,https://www.whatismyip.com/,15
154.73.137.157,52820,asyncio.exceptions.TimeoutError,https://www.myip.com/,15
154.73.137.157,52820,asyncio.exceptions.TimeoutError,https://httpbin.org/ip,15
157.230.103.189,36366,asyncio.exceptions.TimeoutError,https://www.whatismyip.com.tw/tw/,16
157.230.103.189,36366,asyncio.exceptions.TimeoutError,https://httpbin.org/ip,16
157.230.103.189,36366,asyncio.exceptions.TimeoutError,https://www.myip.com/,16
157.230.103.189,36366,asyncio.exceptions.TimeoutError,https://www.whatismyip.com/,16
157.230.103.189,36366,asyncio.exceptions.TimeoutError,https://www.rus.net.tw/myip.php,16
157.230.103.189,36366,asyncio.exceptions.TimeoutError,http://210.240.175.62/NTIIS/IP_test.asp,16
157.230.103.189,36366,asyncio.exceptions.TimeoutError,https://whatismyipaddress.com/zh-cn/index,16
157.90.0.85,8080,[Errno 104] Connection reset by peer,https://www.whatismyip.com/,17
157.90.0.85,8080,asyncio.exceptions.TimeoutError,https://www.whatismyip.com.tw/tw/,17
157.90.0.85,8080,asyncio.exceptions.TimeoutError,https://www.myip.com/,17
157.90.0.85,8080,asyncio.exceptions.TimeoutError,https://www.rus.net.tw/myip.php,17
157.90.0.85,8080,asyncio.exceptions.TimeoutError,https://httpbin.org/ip,17
157.90.0.85,8080,asyncio.exceptions.TimeoutError,http://210.240.175.62/NTIIS/IP_test.asp,17
157.90.0.85,8080,"status=403, or ip not show in checkurl",https://whatismyipaddress.com/zh-cn/index,17
157.90.4.42,8001,Server disconnected,https://www.whatismyip.com.tw/tw/,18
157.90.4.42,8001,asyncio.exceptions.TimeoutError,https://httpbin.org/ip,18
157.90.4.42,8001,asyncio.exceptions.TimeoutError,http://210.240.175.62/NTIIS/IP_test.asp,18
157.90.4.42,8001,"status=200, or ip not show in checkurl",https://www.myip.com/,18
157.90.4.42,8001,"status=200, or ip not show in checkurl",https://www.rus.net.tw/myip.php,18
157.90.4.42,8001,"status=200, or ip not show in checkurl",https://www.whatismyip.com/,18
157.90.4.42,8001,"status=403, or ip not show in checkurl",https://whatismyipaddress.com/zh-cn/index,18
158.51.109.34,26019,"Cannot connect to host 158.51.109.34:26019 ssl:default [Connect call failed ('158.51.109.34', 26019)]",https://whatismyipaddress.com/zh-cn/index,19
158.51.109.34,26019,"Cannot connect to host 158.51.109.34:26019 ssl:default [Connect call failed ('158.51.109.34', 26019)]",https://www.myip.com/,19
158.51.109.34,26019,"Cannot connect to host 158.51.109.34:26019 ssl:default [Connect call failed ('158.51.109.34', 26019)]",https://httpbin.org/ip,19
158.51.109.34,26019,"Cannot connect to host 158.51.109.34:26019 ssl:default [Connect call failed ('158.51.109.34', 26019)]",https://www.rus.net.tw/myip.php,19
158.51.109.34,26019,"Cannot connect to host 158.51.109.34:26019 ssl:default [Connect call failed ('158.51.109.34', 26019)]",http://210.240.175.62/NTIIS/IP_test.asp,19
158.51.109.34,26019,"Cannot connect to host 158.51.109.34:26019 ssl:default [Connect call failed ('158.51.109.34', 26019)]",https://www.whatismyip.com/,19
158.51.109.34,26019,"Cannot connect to host 158.51.109.34:26019 ssl:default [Connect call failed ('158.51.109.34', 26019)]",https://www.whatismyip.com.tw/tw/,19
159.89.221.73,3128,asyncio.exceptions.TimeoutError,https://httpbin.org/ip,20
159.89.221.73,3128,asyncio.exceptions.TimeoutError,https://www.whatismyip.com/,20
159.89.221.73,3128,asyncio.exceptions.TimeoutError,https://whatismyipaddress.com/zh-cn/index,20
159.89.221.73,3128,asyncio.exceptions.TimeoutError,https://www.myip.com/,20
159.89.221.73,3128,asyncio.exceptions.TimeoutError,https://www.rus.net.tw/myip.php,20
159.89.221.73,3128,asyncio.exceptions.TimeoutError,https://www.whatismyip.com.tw/tw/,20
159.89.221.73,3128,asyncio.exceptions.TimeoutError,http://210.240.175.62/NTIIS/IP_test.asp,20
161.82.175.172,1080,asyncio.exceptions.TimeoutError,https://httpbin.org/ip,21
161.82.175.172,1080,asyncio.exceptions.TimeoutError,https://www.whatismyip.com/,21
161.82.175.172,1080,asyncio.exceptions.TimeoutError,https://www.myip.com/,21
161.82.175.172,1080,asyncio.exceptions.TimeoutError,https://www.whatismyip.com.tw/tw/,21
161.82.175.172,1080,asyncio.exceptions.TimeoutError,https://whatismyipaddress.com/zh-cn/index,21
161.82.175.172,1080,"status=200, or ip not show in checkurl",http://210.240.175.62/NTIIS/IP_test.asp,21
161.82.175.172,1080,"status=200, or ip not show in checkurl",https://www.rus.net.tw/myip.php,21
165.22.81.30,37344,asyncio.exceptions.TimeoutError,https://www.whatismyip.com.tw/tw/,22
165.22.81.30,37344,asyncio.exceptions.TimeoutError,https://whatismyipaddress.com/zh-cn/index,22
165.22.81.30,37344,asyncio.exceptions.TimeoutError,https://httpbin.org/ip,22
165.22.81.30,37344,asyncio.exceptions.TimeoutError,https://www.rus.net.tw/myip.php,22
165.22.81.30,37344,asyncio.exceptions.TimeoutError,https://www.whatismyip.com/,22
165.22.81.30,37344,asyncio.exceptions.TimeoutError,https://www.myip.com/,22
165.22.81.30,37344,asyncio.exceptions.TimeoutError,http://210.240.175.62/NTIIS/IP_test.asp,22
167.172.123.221,9300,Server disconnected,https://www.whatismyip.com.tw/tw/,23
167.172.123.221,9300,asyncio.exceptions.TimeoutError,https://www.myip.com/,23
167.172.123.221,9300,asyncio.exceptions.TimeoutError,https://www.whatismyip.com/,23
167.172.123.221,9300,"status=200, or ip not show in checkurl",https://httpbin.org/ip,23
167.172.123.221,9300,"status=200, or ip not show in checkurl",http://210.240.175.62/NTIIS/IP_test.asp,23
167.172.123.221,9300,"status=200, or ip not show in checkurl",https://www.rus.net.tw/myip.php,23
167.172.123.221,9300,"status=403, or ip not show in checkurl",https://whatismyipaddress.com/zh-cn/index,23
169.57.1.85,80,"403, message='Forbidden', url=URL('http://169.57.1.85:80')",https://www.rus.net.tw/myip.php,24
169.57.1.85,80,Server disconnected,https://www.whatismyip.com.tw/tw/,24
169.57.1.85,80,"status=200, or ip not show in checkurl",https://www.whatismyip.com/,24
169.57.1.85,80,"status=200, or ip not show in checkurl",https://httpbin.org/ip,24
169.57.1.85,80,"status=200, or ip not show in checkurl",https://www.myip.com/,24
169.57.1.85,80,"status=403, or ip not show in checkurl",https://whatismyipaddress.com/zh-cn/index,24
169.57.1.85,80,"status=403, or ip not show in checkurl",http://210.240.175.62/NTIIS/IP_test.asp,24
173.22.120.4,80,Server disconnected,https://www.rus.net.tw/myip.php,25
173.22.120.4,80,Server disconnected,https://www.whatismyip.com/,25
173.22.120.4,80,[Errno 104] Connection reset by peer,https://www.myip.com/,25
173.22.120.4,80,[Errno 104] Connection reset by peer,http://210.240.175.62/NTIIS/IP_test.asp,25
173.22.120.4,80,[Errno 104] Connection reset by peer,https://httpbin.org/ip,25
173.22.120.4,80,[Errno 104] Connection reset by peer,https://whatismyipaddress.com/zh-cn/index,25
173.22.120.4,80,[Errno 104] Connection reset by peer,https://www.whatismyip.com.tw/tw/,25
175.139.179.65,42580,asyncio.exceptions.TimeoutError,http://210.240.175.62/NTIIS/IP_test.asp,26
175.139.179.65,42580,asyncio.exceptions.TimeoutError,https://www.rus.net.tw/myip.php,26
175.139.179.65,42580,asyncio.exceptions.TimeoutError,https://whatismyipaddress.com/zh-cn/index,26
175.139.179.65,42580,asyncio.exceptions.TimeoutError,https://httpbin.org/ip,26
175.139.179.65,42580,asyncio.exceptions.TimeoutError,https://www.whatismyip.com.tw/tw/,26
175.139.179.65,42580,asyncio.exceptions.TimeoutError,https://www.whatismyip.com/,26
175.139.179.65,42580,asyncio.exceptions.TimeoutError,https://www.myip.com/,26
176.28.64.225,3128,"Cannot connect to host 176.28.64.225:3128 ssl:default [Connect call failed ('176.28.64.225', 3128)]",https://www.rus.net.tw/myip.php,27
176.28.64.225,3128,"Cannot connect to host 176.28.64.225:3128 ssl:default [Connect call failed ('176.28.64.225', 3128)]",https://www.myip.com/,27
176.28.64.225,3128,"Cannot connect to host 176.28.64.225:3128 ssl:default [Connect call failed ('176.28.64.225', 3128)]",https://www.whatismyip.com.tw/tw/,27
176.28.64.225,3128,"Cannot connect to host 176.28.64.225:3128 ssl:default [Connect call failed ('176.28.64.225', 3128)]",http://210.240.175.62/NTIIS/IP_test.asp,27
176.28.64.225,3128,"Cannot connect to host 176.28.64.225:3128 ssl:default [Connect call failed ('176.28.64.225', 3128)]",https://whatismyipaddress.com/zh-cn/index,27
176.28.64.225,3128,"Cannot connect to host 176.28.64.225:3128 ssl:default [Connect call failed ('176.28.64.225', 3128)]",https://www.whatismyip.com/,27
176.28.64.225,3128,"Cannot connect to host 176.28.64.225:3128 ssl:default [Connect call failed ('176.28.64.225', 3128)]",https://httpbin.org/ip,27
180.179.98.22,3128,asyncio.exceptions.TimeoutError,https://www.myip.com/,28
180.179.98.22,3128,asyncio.exceptions.TimeoutError,https://whatismyipaddress.com/zh-cn/index,28
180.179.98.22,3128,asyncio.exceptions.TimeoutError,https://www.whatismyip.com/,28
180.179.98.22,3128,asyncio.exceptions.TimeoutError,https://www.whatismyip.com.tw/tw/,28
180.179.98.22,3128,asyncio.exceptions.TimeoutError,https://www.rus.net.tw/myip.php,28
180.179.98.22,3128,asyncio.exceptions.TimeoutError,http://210.240.175.62/NTIIS/IP_test.asp,28
180.179.98.22,3128,asyncio.exceptions.TimeoutError,https://httpbin.org/ip,28
181.3.113.206,10809,Server disconnected,http://210.240.175.62/NTIIS/IP_test.asp,29
181.3.113.206,10809,Server disconnected,https://whatismyipaddress.com/zh-cn/index,29
181.3.113.206,10809,[Errno 104] Connection reset by peer,https://www.rus.net.tw/myip.php,29
181.3.113.206,10809,asyncio.exceptions.TimeoutError,https://www.myip.com/,29
181.3.113.206,10809,asyncio.exceptions.TimeoutError,https://www.whatismyip.com.tw/tw/,29
181.3.113.206,10809,asyncio.exceptions.TimeoutError,https://httpbin.org/ip,29
181.3.113.206,10809,asyncio.exceptions.TimeoutError,https://www.whatismyip.com/,29
183.87.153.98,49602,Server disconnected,https://www.whatismyip.com.tw/tw/,30
183.87.153.98,49602,asyncio.exceptions.TimeoutError,https://www.rus.net.tw/myip.php,30
183.87.153.98,49602,asyncio.exceptions.TimeoutError,http://210.240.175.62/NTIIS/IP_test.asp,30
183.87.153.98,49602,asyncio.exceptions.TimeoutError,https://httpbin.org/ip,30
183.87.153.98,49602,asyncio.exceptions.TimeoutError,https://www.myip.com/,30
183.87.153.98,49602,asyncio.exceptions.TimeoutError,https://www.whatismyip.com/,30
183.87.153.98,49602,asyncio.exceptions.TimeoutError,https://whatismyipaddress.com/zh-cn/index,30
185.128.37.4,8080,asyncio.exceptions.TimeoutError,https://whatismyipaddress.com/zh-cn/index,31
185.128.37.4,8080,asyncio.exceptions.TimeoutError,https://www.whatismyip.com/,31
185.128.37.4,8080,asyncio.exceptions.TimeoutError,https://www.rus.net.tw/myip.php,31
185.128.37.4,8080,asyncio.exceptions.TimeoutError,https://httpbin.org/ip,31
185.128.37.4,8080,asyncio.exceptions.TimeoutError,http://210.240.175.62/NTIIS/IP_test.asp,31
185.128.37.4,8080,asyncio.exceptions.TimeoutError,https://www.whatismyip.com.tw/tw/,31
185.128.37.4,8080,asyncio.exceptions.TimeoutError,https://www.myip.com/,31
188.166.125.206,42746,asyncio.exceptions.TimeoutError,https://www.myip.com/,32
188.166.125.206,42746,asyncio.exceptions.TimeoutError,https://whatismyipaddress.com/zh-cn/index,32
188.166.125.206,42746,asyncio.exceptions.TimeoutError,http://210.240.175.62/NTIIS/IP_test.asp,32
188.166.125.206,42746,asyncio.exceptions.TimeoutError,https://httpbin.org/ip,32
188.166.125.206,42746,asyncio.exceptions.TimeoutError,https://www.rus.net.tw/myip.php,32
188.166.125.206,42746,asyncio.exceptions.TimeoutError,https://www.whatismyip.com.tw/tw/,32
188.166.125.206,42746,asyncio.exceptions.TimeoutError,https://www.whatismyip.com/,32
191.242.182.132,8081,asyncio.exceptions.TimeoutError,https://www.myip.com/,33
191.242.182.132,8081,asyncio.exceptions.TimeoutError,http://210.240.175.62/NTIIS/IP_test.asp,33
191.242.182.132,8081,asyncio.exceptions.TimeoutError,https://www.whatismyip.com.tw/tw/,33
191.242.182.132,8081,asyncio.exceptions.TimeoutError,https://www.rus.net.tw/myip.php,33
191.242.182.132,8081,asyncio.exceptions.TimeoutError,https://www.whatismyip.com/,33
191.242.182.132,8081,asyncio.exceptions.TimeoutError,https://whatismyipaddress.com/zh-cn/index,33
191.242.182.132,8081,asyncio.exceptions.TimeoutError,https://httpbin.org/ip,33
192.99.239.215,8080,asyncio.exceptions.TimeoutError,https://www.rus.net.tw/myip.php,34
192.99.239.215,8080,asyncio.exceptions.TimeoutError,https://whatismyipaddress.com/zh-cn/index,34
192.99.239.215,8080,asyncio.exceptions.TimeoutError,https://www.myip.com/,34
192.99.239.215,8080,asyncio.exceptions.TimeoutError,http://210.240.175.62/NTIIS/IP_test.asp,34
192.99.239.215,8080,asyncio.exceptions.TimeoutError,https://httpbin.org/ip,34
192.99.239.215,8080,asyncio.exceptions.TimeoutError,https://www.whatismyip.com/,34
192.99.239.215,8080,asyncio.exceptions.TimeoutError,https://www.whatismyip.com.tw/tw/,34
194.8.85.146,3128,asyncio.exceptions.TimeoutError,https://www.whatismyip.com.tw/tw/,35
194.8.85.146,3128,asyncio.exceptions.TimeoutError,http://210.240.175.62/NTIIS/IP_test.asp,35
194.8.85.146,3128,asyncio.exceptions.TimeoutError,https://www.rus.net.tw/myip.php,35
194.8.85.146,3128,asyncio.exceptions.TimeoutError,https://www.whatismyip.com/,35
194.8.85.146,3128,asyncio.exceptions.TimeoutError,https://httpbin.org/ip,35
194.8.85.146,3128,asyncio.exceptions.TimeoutError,https://whatismyipaddress.com/zh-cn/index,35
194.8.85.146,3128,asyncio.exceptions.TimeoutError,https://www.myip.com/,35
197.255.52.214,8081,asyncio.exceptions.TimeoutError,https://httpbin.org/ip,36
197.255.52.214,8081,asyncio.exceptions.TimeoutError,http://210.240.175.62/NTIIS/IP_test.asp,36
197.255.52.214,8081,asyncio.exceptions.TimeoutError,https://www.myip.com/,36
197.255.52.214,8081,asyncio.exceptions.TimeoutError,https://www.whatismyip.com.tw/tw/,36
197.255.52.214,8081,asyncio.exceptions.TimeoutError,https://whatismyipaddress.com/zh-cn/index,36
197.255.52.214,8081,asyncio.exceptions.TimeoutError,https://www.rus.net.tw/myip.php,36
197.255.52.214,8081,asyncio.exceptions.TimeoutError,https://www.whatismyip.com/,36
20.151.27.156,3128,asyncio.exceptions.TimeoutError,https://www.rus.net.tw/myip.php,37
20.151.27.156,3128,asyncio.exceptions.TimeoutError,https://whatismyipaddress.com/zh-cn/index,37
20.151.27.156,3128,asyncio.exceptions.TimeoutError,https://httpbin.org/ip,37
20.151.27.156,3128,asyncio.exceptions.TimeoutError,https://www.myip.com/,37
20.151.27.156,3128,asyncio.exceptions.TimeoutError,https://www.whatismyip.com/,37
20.151.27.156,3128,asyncio.exceptions.TimeoutError,http://210.240.175.62/NTIIS/IP_test.asp,37
20.151.27.156,3128,asyncio.exceptions.TimeoutError,https://www.whatismyip.com.tw/tw/,37
20.195.17.90,3128,"Cannot connect to host 20.195.17.90:3128 ssl:default [Connect call failed ('20.195.17.90', 3128)]",https://whatismyipaddress.com/zh-cn/index,38
20.195.17.90,3128,"Cannot connect to host 20.195.17.90:3128 ssl:default [Connect call failed ('20.195.17.90', 3128)]",https://www.whatismyip.com/,38
20.195.17.90,3128,"Cannot connect to host 20.195.17.90:3128 ssl:default [Connect call failed ('20.195.17.90', 3128)]",http://210.240.175.62/NTIIS/IP_test.asp,38
20.195.17.90,3128,"Cannot connect to host 20.195.17.90:3128 ssl:default [Connect call failed ('20.195.17.90', 3128)]",https://www.myip.com/,38
20.195.17.90,3128,"Cannot connect to host 20.195.17.90:3128 ssl:default [Connect call failed ('20.195.17.90', 3128)]",https://www.rus.net.tw/myip.php,38
20.195.17.90,3128,"Cannot connect to host 20.195.17.90:3128 ssl:default [Connect call failed ('20.195.17.90', 3128)]",https://httpbin.org/ip,38
20.195.17.90,3128,"Cannot connect to host 20.195.17.90:3128 ssl:default [Connect call failed ('20.195.17.90', 3128)]",https://www.whatismyip.com.tw/tw/,38
202.169.244.178,8181,asyncio.exceptions.TimeoutError,https://www.whatismyip.com.tw/tw/,39
202.169.244.178,8181,asyncio.exceptions.TimeoutError,https://httpbin.org/ip,39
202.169.244.178,8181,asyncio.exceptions.TimeoutError,http://210.240.175.62/NTIIS/IP_test.asp,39
202.169.244.178,8181,asyncio.exceptions.TimeoutError,https://whatismyipaddress.com/zh-cn/index,39
202.169.244.178,8181,"status=200, or ip not show in checkurl",https://www.whatismyip.com/,39
202.169.244.178,8181,"status=200, or ip not show in checkurl",https://www.rus.net.tw/myip.php,39
202.169.244.178,8181,"status=200, or ip not show in checkurl",https://www.myip.com/,39
207.144.111.230,8080,asyncio.exceptions.TimeoutError,https://httpbin.org/ip,40
207.144.111.230,8080,asyncio.exceptions.TimeoutError,http://210.240.175.62/NTIIS/IP_test.asp,40
207.144.111.230,8080,asyncio.exceptions.TimeoutError,https://www.whatismyip.com.tw/tw/,40
207.144.111.230,8080,asyncio.exceptions.TimeoutError,https://whatismyipaddress.com/zh-cn/index,40
207.144.111.230,8080,asyncio.exceptions.TimeoutError,https://www.myip.com/,40
207.144.111.230,8080,asyncio.exceptions.TimeoutError,https://www.rus.net.tw/myip.php,40
207.144.111.230,8080,asyncio.exceptions.TimeoutError,https://www.whatismyip.com/,40
208.80.28.208,8080,asyncio.exceptions.TimeoutError,https://whatismyipaddress.com/zh-cn/index,41
208.80.28.208,8080,asyncio.exceptions.TimeoutError,https://www.rus.net.tw/myip.php,41
208.80.28.208,8080,asyncio.exceptions.TimeoutError,https://httpbin.org/ip,41
208.80.28.208,8080,asyncio.exceptions.TimeoutError,https://www.whatismyip.com/,41
208.80.28.208,8080,asyncio.exceptions.TimeoutError,http://210.240.175.62/NTIIS/IP_test.asp,41
208.80.28.208,8080,asyncio.exceptions.TimeoutError,https://www.myip.com/,41
208.80.28.208,8080,asyncio.exceptions.TimeoutError,https://www.whatismyip.com.tw/tw/,41
213.230.121.74,3128,"Cannot connect to host 213.230.121.74:3128 ssl:default [Connect call failed ('213.230.121.74', 3128)]",https://whatismyipaddress.com/zh-cn/index,42
213.230.121.74,3128,"Cannot connect to host 213.230.121.74:3128 ssl:default [Connect call failed ('213.230.121.74', 3128)]",https://www.rus.net.tw/myip.php,42
213.230.121.74,3128,"Cannot connect to host 213.230.121.74:3128 ssl:default [Connect call failed ('213.230.121.74', 3128)]",http://210.240.175.62/NTIIS/IP_test.asp,42
213.230.121.74,3128,"Cannot connect to host 213.230.121.74:3128 ssl:default [Connect call failed ('213.230.121.74', 3128)]",https://httpbin.org/ip,42
213.230.121.74,3128,"Cannot connect to host 213.230.121.74:3128 ssl:default [Connect call failed ('213.230.121.74', 3128)]",https://www.whatismyip.com.tw/tw/,42
213.230.121.74,3128,"Cannot connect to host 213.230.121.74:3128 ssl:default [Connect call failed ('213.230.121.74', 3128)]",https://www.whatismyip.com/,42
213.230.121.74,3128,"Cannot connect to host 213.230.121.74:3128 ssl:default [Connect call failed ('213.230.121.74', 3128)]",https://www.myip.com/,42
213.230.97.169,3128,[Errno 104] Connection reset by peer,https://www.rus.net.tw/myip.php,43
213.230.97.169,3128,[Errno 104] Connection reset by peer,https://www.whatismyip.com/,43
213.230.97.169,3128,[Errno 104] Connection reset by peer,https://www.whatismyip.com.tw/tw/,43
213.230.97.169,3128,[Errno 104] Connection reset by peer,https://whatismyipaddress.com/zh-cn/index,43
213.230.97.169,3128,[Errno 104] Connection reset by peer,https://www.myip.com/,43
213.230.97.169,3128,[Errno 104] Connection reset by peer,https://httpbin.org/ip,43
213.230.97.169,3128,"status=504, or ip not show in checkurl",http://210.240.175.62/NTIIS/IP_test.asp,43
223.255.133.34,8080,asyncio.exceptions.TimeoutError,https://www.whatismyip.com.tw/tw/,44
223.255.133.34,8080,asyncio.exceptions.TimeoutError,https://whatismyipaddress.com/zh-cn/index,44
223.255.133.34,8080,asyncio.exceptions.TimeoutError,https://www.whatismyip.com/,44
223.255.133.34,8080,"status=403, or ip not show in checkurl",http://210.240.175.62/NTIIS/IP_test.asp,44
223.255.133.34,8080,"status=403, or ip not show in checkurl",https://www.myip.com/,44
223.255.133.34,8080,"status=403, or ip not show in checkurl",https://www.rus.net.tw/myip.php,44
223.255.133.34,8080,"status=403, or ip not show in checkurl",https://httpbin.org/ip,44
23.251.138.105,8080,Server disconnected,https://www.whatismyip.com.tw/tw/,45
23.251.138.105,8080,"status=200, or ip not show in checkurl",https://httpbin.org/ip,45
23.251.138.105,8080,"status=200, or ip not show in checkurl",https://www.whatismyip.com/,45
23.251.138.105,8080,"status=200, or ip not show in checkurl",http://210.240.175.62/NTIIS/IP_test.asp,45
23.251.138.105,8080,"status=200, or ip not show in checkurl",https://www.rus.net.tw/myip.php,45
23.251.138.105,8080,"status=200, or ip not show in checkurl",https://www.myip.com/,45
23.251.138.105,8080,"status=403, or ip not show in checkurl",https://whatismyipaddress.com/zh-cn/index,45
24.248.207.7,55443,asyncio.exceptions.TimeoutError,https://httpbin.org/ip,46
24.248.207.7,55443,asyncio.exceptions.TimeoutError,https://www.rus.net.tw/myip.php,46
24.248.207.7,55443,asyncio.exceptions.TimeoutError,https://whatismyipaddress.com/zh-cn/index,46
24.248.207.7,55443,asyncio.exceptions.TimeoutError,https://www.whatismyip.com.tw/tw/,46
24.248.207.7,55443,asyncio.exceptions.TimeoutError,https://www.whatismyip.com/,46
24.248.207.7,55443,asyncio.exceptions.TimeoutError,http://210.240.175.62/NTIIS/IP_test.asp,46
24.248.207.7,55443,asyncio.exceptions.TimeoutError,https://www.myip.com/,46
27.147.155.70,55424,asyncio.exceptions.TimeoutError,http://210.240.175.62/NTIIS/IP_test.asp,47
27.147.155.70,55424,asyncio.exceptions.TimeoutError,https://whatismyipaddress.com/zh-cn/index,47
27.147.155.70,55424,asyncio.exceptions.TimeoutError,https://www.rus.net.tw/myip.php,47
27.147.155.70,55424,asyncio.exceptions.TimeoutError,https://www.whatismyip.com.tw/tw/,47
27.147.155.70,55424,asyncio.exceptions.TimeoutError,https://www.whatismyip.com/,47
27.147.155.70,55424,asyncio.exceptions.TimeoutError,https://httpbin.org/ip,47
27.147.155.70,55424,asyncio.exceptions.TimeoutError,https://www.myip.com/,47
3.236.248.12,80,asyncio.exceptions.TimeoutError,http://210.240.175.62/NTIIS/IP_test.asp,48
3.236.248.12,80,asyncio.exceptions.TimeoutError,https://httpbin.org/ip,48
3.236.248.12,80,asyncio.exceptions.TimeoutError,https://www.whatismyip.com/,48
3.236.248.12,80,asyncio.exceptions.TimeoutError,https://www.rus.net.tw/myip.php,48
3.236.248.12,80,asyncio.exceptions.TimeoutError,https://www.whatismyip.com.tw/tw/,48
3.236.248.12,80,asyncio.exceptions.TimeoutError,https://whatismyipaddress.com/zh-cn/index,48
3.236.248.12,80,asyncio.exceptions.TimeoutError,https://www.myip.com/,48
36.37.74.60,8080,Server disconnected,https://www.whatismyip.com/,49
36.37.74.60,8080,asyncio.exceptions.TimeoutError,https://www.myip.com/,49
36.37.74.60,8080,asyncio.exceptions.TimeoutError,https://www.rus.net.tw/myip.php,49
36.37.74.60,8080,asyncio.exceptions.TimeoutError,https://whatismyipaddress.com/zh-cn/index,49
36.37.74.60,8080,asyncio.exceptions.TimeoutError,http://210.240.175.62/NTIIS/IP_test.asp,49
36.37.74.60,8080,asyncio.exceptions.TimeoutError,https://www.whatismyip.com.tw/tw/,49
36.37.74.60,8080,asyncio.exceptions.TimeoutError,https://httpbin.org/ip,49
36.66.126.219,51009,asyncio.exceptions.TimeoutError,https://www.myip.com/,50
36.66.126.219,51009,asyncio.exceptions.TimeoutError,https://httpbin.org/ip,50
36.66.126.219,51009,asyncio.exceptions.TimeoutError,https://www.rus.net.tw/myip.php,50
36.66.126.219,51009,asyncio.exceptions.TimeoutError,https://whatismyipaddress.com/zh-cn/index,50
36.66.126.219,51009,asyncio.exceptions.TimeoutError,https://www.whatismyip.com.tw/tw/,50
36.66.126.219,51009,asyncio.exceptions.TimeoutError,http://210.240.175.62/NTIIS/IP_test.asp,50
36.66.126.219,51009,asyncio.exceptions.TimeoutError,https://www.whatismyip.com/,50
36.67.158.49,65301,asyncio.exceptions.TimeoutError,https://www.myip.com/,51
36.67.158.49,65301,asyncio.exceptions.TimeoutError,https://www.whatismyip.com/,51
36.67.158.49,65301,asyncio.exceptions.TimeoutError,https://www.rus.net.tw/myip.php,51
36.67.158.49,65301,asyncio.exceptions.TimeoutError,https://www.whatismyip.com.tw/tw/,51
36.67.158.49,65301,asyncio.exceptions.TimeoutError,https://whatismyipaddress.com/zh-cn/index,51
36.67.158.49,65301,asyncio.exceptions.TimeoutError,http://210.240.175.62/NTIIS/IP_test.asp,51
36.67.158.49,65301,asyncio.exceptions.TimeoutError,https://httpbin.org/ip,51
36.91.41.246,3128,Server disconnected,https://www.whatismyip.com.tw/tw/,52
36.91.41.246,3128,asyncio.exceptions.TimeoutError,https://whatismyipaddress.com/zh-cn/index,52
36.91.41.246,3128,asyncio.exceptions.TimeoutError,https://httpbin.org/ip,52
36.91.41.246,3128,asyncio.exceptions.TimeoutError,https://www.whatismyip.com/,52
36.91.41.246,3128,"status=200, or ip not show in checkurl",http://210.240.175.62/NTIIS/IP_test.asp,52
36.91.41.246,3128,"status=200, or ip not show in checkurl",https://www.rus.net.tw/myip.php,52
36.91.41.246,3128,"status=403, or ip not show in checkurl",https://www.myip.com/,52
37.120.192.154,8080,asyncio.exceptions.TimeoutError,https://www.whatismyip.com.tw/tw/,53
37.120.192.154,8080,asyncio.exceptions.TimeoutError,https://www.whatismyip.com/,53
37.120.192.154,8080,asyncio.exceptions.TimeoutError,http://210.240.175.62/NTIIS/IP_test.asp,53
37.120.192.154,8080,asyncio.exceptions.TimeoutError,https://whatismyipaddress.com/zh-cn/index,53
37.120.192.154,8080,asyncio.exceptions.TimeoutError,https://www.myip.com/,53
37.120.192.154,8080,asyncio.exceptions.TimeoutError,https://httpbin.org/ip,53
37.120.192.154,8080,asyncio.exceptions.TimeoutError,https://www.rus.net.tw/myip.php,53
41.164.68.194,8080,asyncio.exceptions.TimeoutError,https://httpbin.org/ip,54
41.164.68.194,8080,asyncio.exceptions.TimeoutError,http://210.240.175.62/NTIIS/IP_test.asp,54
41.164.68.194,8080,asyncio.exceptions.TimeoutError,https://www.rus.net.tw/myip.php,54
41.164.68.194,8080,asyncio.exceptions.TimeoutError,https://whatismyipaddress.com/zh-cn/index,54
41.164.68.194,8080,asyncio.exceptions.TimeoutError,https://www.whatismyip.com.tw/tw/,54
41.164.68.194,8080,asyncio.exceptions.TimeoutError,https://www.myip.com/,54
41.164.68.194,8080,asyncio.exceptions.TimeoutError,https://www.whatismyip.com/,54
41.217.219.53,31398,asyncio.exceptions.TimeoutError,https://www.rus.net.tw/myip.php,55
41.217.219.53,31398,asyncio.exceptions.TimeoutError,https://www.myip.com/,55
41.217.219.53,31398,asyncio.exceptions.TimeoutError,https://httpbin.org/ip,55
41.217.219.53,31398,asyncio.exceptions.TimeoutError,https://whatismyipaddress.com/zh-cn/index,55
41.217.219.53,31398,asyncio.exceptions.TimeoutError,https://www.whatismyip.com.tw/tw/,55
41.217.219.53,31398,asyncio.exceptions.TimeoutError,https://www.whatismyip.com/,55
41.217.219.53,31398,asyncio.exceptions.TimeoutError,http://210.240.175.62/NTIIS/IP_test.asp,55
45.79.207.110,9300,"503, message='Too many open connections', url=URL('http://45.79.207.110:9300')",https://www.myip.com/,56
45.79.207.110,9300,"503, message='Too many open connections', url=URL('http://45.79.207.110:9300')",https://httpbin.org/ip,56
45.79.207.110,9300,"503, message='Too many open connections', url=URL('http://45.79.207.110:9300')",https://www.whatismyip.com.tw/tw/,56
45.79.207.110,9300,"503, message='Too many open connections', url=URL('http://45.79.207.110:9300')",https://www.whatismyip.com/,56
45.79.207.110,9300,"503, message='Too many open connections', url=URL('http://45.79.207.110:9300')",https://www.rus.net.tw/myip.php,56
45.79.207.110,9300,"status=403, or ip not show in checkurl",https://whatismyipaddress.com/zh-cn/index,56
45.79.207.110,9300,"status=503, or ip not show in checkurl",http://210.240.175.62/NTIIS/IP_test.asp,56
5.23.102.194,52803,asyncio.exceptions.TimeoutError,http://210.240.175.62/NTIIS/IP_test.asp,57
5.23.102.194,52803,asyncio.exceptions.TimeoutError,https://www.myip.com/,57
5.23.102.194,52803,asyncio.exceptions.TimeoutError,https://www.whatismyip.com/,57
5.23.102.194,52803,asyncio.exceptions.TimeoutError,https://www.whatismyip.com.tw/tw/,57
5.23.102.194,52803,asyncio.exceptions.TimeoutError,https://httpbin.org/ip,57
5.23.102.194,52803,asyncio.exceptions.TimeoutError,https://www.rus.net.tw/myip.php,57
5.23.102.194,52803,asyncio.exceptions.TimeoutError,https://whatismyipaddress.com/zh-cn/index,57
51.159.24.172,3167,Server disconnected,https://www.whatismyip.com.tw/tw/,58
51.159.24.172,3167,Server disconnected,http://210.240.175.62/NTIIS/IP_test.asp,58
51.159.24.172,3167,Server disconnected,https://www.myip.com/,58
51.159.24.172,3167,Server disconnected,https://httpbin.org/ip,58
51.159.24.172,3167,Server disconnected,https://www.whatismyip.com/,58
51.159.24.172,3167,Server disconnected,https://www.rus.net.tw/myip.php,58
51.159.24.172,3167,"status=403, or ip not show in checkurl",https://whatismyipaddress.com/zh-cn/index,58
51.81.21.221,3128,Server disconnected,https://www.whatismyip.com.tw/tw/,59
51.81.21.221,3128,asyncio.exceptions.TimeoutError,https://httpbin.org/ip,59
51.81.21.221,3128,asyncio.exceptions.TimeoutError,https://www.whatismyip.com/,59
51.81.21.221,3128,asyncio.exceptions.TimeoutError,https://www.rus.net.tw/myip.php,59
51.81.21.221,3128,asyncio.exceptions.TimeoutError,http://210.240.175.62/NTIIS/IP_test.asp,59
51.81.21.221,3128,asyncio.exceptions.TimeoutError,https://www.myip.com/,59
51.81.21.221,3128,"status=403, or ip not show in checkurl",https://whatismyipaddress.com/zh-cn/index,59
52.229.15.151,80,"400, message='Bad Request', url=URL('http://52.229.15.151:80')",https://httpbin.org/ip,60
52.229.15.151,80,asyncio.exceptions.TimeoutError,https://www.myip.com/,60
52.229.15.151,80,asyncio.exceptions.TimeoutError,http://210.240.175.62/NTIIS/IP_test.asp,60
52.229.15.151,80,asyncio.exceptions.TimeoutError,https://www.whatismyip.com/,60
52.229.15.151,80,asyncio.exceptions.TimeoutError,https://whatismyipaddress.com/zh-cn/index,60
52.229.15.151,80,asyncio.exceptions.TimeoutError,https://www.whatismyip.com.tw/tw/,60
52.229.15.151,80,asyncio.exceptions.TimeoutError,https://www.rus.net.tw/myip.php,60
52.229.51.93,80,"400, message='Bad Request', url=URL('http://52.229.51.93:80')",https://www.whatismyip.com/,61
52.229.51.93,80,asyncio.exceptions.TimeoutError,https://whatismyipaddress.com/zh-cn/index,61
52.229.51.93,80,asyncio.exceptions.TimeoutError,https://www.rus.net.tw/myip.php,61
52.229.51.93,80,asyncio.exceptions.TimeoutError,https://httpbin.org/ip,61
52.229.51.93,80,asyncio.exceptions.TimeoutError,https://www.whatismyip.com.tw/tw/,61
52.229.51.93,80,asyncio.exceptions.TimeoutError,http://210.240.175.62/NTIIS/IP_test.asp,61
52.229.51.93,80,asyncio.exceptions.TimeoutError,https://www.myip.com/,61
54.38.187.70,80,asyncio.exceptions.TimeoutError,https://www.myip.com/,62
54.38.187.70,80,asyncio.exceptions.TimeoutError,http://210.240.175.62/NTIIS/IP_test.asp,62
54.38.187.70,80,asyncio.exceptions.TimeoutError,https://whatismyipaddress.com/zh-cn/index,62
54.38.187.70,80,asyncio.exceptions.TimeoutError,https://httpbin.org/ip,62
54.38.187.70,80,asyncio.exceptions.TimeoutError,https://www.whatismyip.com/,62
54.38.187.70,80,asyncio.exceptions.TimeoutError,https://www.rus.net.tw/myip.php,62
54.38.187.70,80,asyncio.exceptions.TimeoutError,https://www.whatismyip.com.tw/tw/,62
58.120.171.37,8080,"status=403, or ip not show in checkurl",https://www.myip.com/,63
58.120.171.37,8080,"status=403, or ip not show in checkurl",https://www.rus.net.tw/myip.php,63
58.120.171.37,8080,"status=403, or ip not show in checkurl",https://www.whatismyip.com/,63
58.120.171.37,8080,"status=403, or ip not show in checkurl",https://httpbin.org/ip,63
58.120.171.37,8080,"status=403, or ip not show in checkurl",http://210.240.175.62/NTIIS/IP_test.asp,63
58.120.171.37,8080,"status=403, or ip not show in checkurl",https://www.whatismyip.com.tw/tw/,63
58.120.171.37,8080,"status=403, or ip not show in checkurl",https://whatismyipaddress.com/zh-cn/index,63
58.97.72.83,8080,asyncio.exceptions.TimeoutError,https://whatismyipaddress.com/zh-cn/index,64
58.97.72.83,8080,asyncio.exceptions.TimeoutError,https://www.rus.net.tw/myip.php,64
58.97.72.83,8080,asyncio.exceptions.TimeoutError,https://www.whatismyip.com.tw/tw/,64
58.97.72.83,8080,asyncio.exceptions.TimeoutError,https://www.myip.com/,64
58.97.72.83,8080,asyncio.exceptions.TimeoutError,https://www.whatismyip.com/,64
58.97.72.83,8080,asyncio.exceptions.TimeoutError,http://210.240.175.62/NTIIS/IP_test.asp,64
58.97.72.83,8080,"status=403, or ip not show in checkurl",https://httpbin.org/ip,64
62.140.236.195,47649,Server disconnected,https://www.rus.net.tw/myip.php,65
62.140.236.195,47649,Server disconnected,https://www.myip.com/,65
62.140.236.195,47649,[Errno 104] Connection reset by peer,https://whatismyipaddress.com/zh-cn/index,65
62.140.236.195,47649,[Errno 104] Connection reset by peer,http://210.240.175.62/NTIIS/IP_test.asp,65
62.140.236.195,47649,[Errno 104] Connection reset by peer,https://www.whatismyip.com.tw/tw/,65
62.140.236.195,47649,[Errno 104] Connection reset by peer,https://www.whatismyip.com/,65
62.140.236.195,47649,[Errno 104] Connection reset by peer,https://httpbin.org/ip,65
62.33.210.34,58918,[Errno 104] Connection reset by peer,http://210.240.175.62/NTIIS/IP_test.asp,66
62.33.210.34,58918,[Errno 104] Connection reset by peer,https://www.whatismyip.com/,66
62.33.210.34,58918,asyncio.exceptions.TimeoutError,https://www.myip.com/,66
62.33.210.34,58918,asyncio.exceptions.TimeoutError,https://www.whatismyip.com.tw/tw/,66
62.33.210.34,58918,asyncio.exceptions.TimeoutError,https://httpbin.org/ip,66
62.33.210.34,58918,asyncio.exceptions.TimeoutError,https://whatismyipaddress.com/zh-cn/index,66
62.33.210.34,58918,asyncio.exceptions.TimeoutError,https://www.rus.net.tw/myip.php,66
70.169.141.35,3128,asyncio.exceptions.TimeoutError,https://www.whatismyip.com/,67
70.169.141.35,3128,asyncio.exceptions.TimeoutError,https://whatismyipaddress.com/zh-cn/index,67
70.169.141.35,3128,asyncio.exceptions.TimeoutError,https://www.whatismyip.com.tw/tw/,67
70.169.141.35,3128,asyncio.exceptions.TimeoutError,https://www.rus.net.tw/myip.php,67
70.169.141.35,3128,asyncio.exceptions.TimeoutError,https://httpbin.org/ip,67
70.169.141.35,3128,asyncio.exceptions.TimeoutError,http://210.240.175.62/NTIIS/IP_test.asp,67
70.169.141.35,3128,asyncio.exceptions.TimeoutError,https://www.myip.com/,67
74.205.128.201,80,"302, message='Found', url=URL('http://74.205.128.201:80')",https://httpbin.org/ip,68
74.205.128.201,80,"302, message='Found', url=URL('http://74.205.128.201:80')",https://www.myip.com/,68
74.205.128.201,80,asyncio.exceptions.TimeoutError,https://whatismyipaddress.com/zh-cn/index,68
74.205.128.201,80,asyncio.exceptions.TimeoutError,https://www.whatismyip.com/,68
74.205.128.201,80,asyncio.exceptions.TimeoutError,https://www.rus.net.tw/myip.php,68
74.205.128.201,80,asyncio.exceptions.TimeoutError,http://210.240.175.62/NTIIS/IP_test.asp,68
74.205.128.201,80,asyncio.exceptions.TimeoutError,https://www.whatismyip.com.tw/tw/,68
82.99.232.18,58689,asyncio.exceptions.TimeoutError,https://www.myip.com/,69
82.99.232.18,58689,asyncio.exceptions.TimeoutError,https://www.whatismyip.com.tw/tw/,69
82.99.232.18,58689,asyncio.exceptions.TimeoutError,https://whatismyipaddress.com/zh-cn/index,69
82.99.232.18,58689,asyncio.exceptions.TimeoutError,https://www.whatismyip.com/,69
82.99.232.18,58689,asyncio.exceptions.TimeoutError,http://210.240.175.62/NTIIS/IP_test.asp,69
82.99.232.18,58689,asyncio.exceptions.TimeoutError,https://httpbin.org/ip,69
82.99.232.18,58689,asyncio.exceptions.TimeoutError,https://www.rus.net.tw/myip.php,69
85.133.210.42,3128,asyncio.exceptions.TimeoutError,http://210.240.175.62/NTIIS/IP_test.asp,70
85.133.210.42,3128,asyncio.exceptions.TimeoutError,https://httpbin.org/ip,70
85.133.210.42,3128,asyncio.exceptions.TimeoutError,https://whatismyipaddress.com/zh-cn/index,70
85.133.210.42,3128,asyncio.exceptions.TimeoutError,https://www.whatismyip.com.tw/tw/,70
85.133.210.42,3128,asyncio.exceptions.TimeoutError,https://www.rus.net.tw/myip.php,70
85.133.210.42,3128,asyncio.exceptions.TimeoutError,https://www.myip.com/,70
85.133.210.42,3128,asyncio.exceptions.TimeoutError,https://www.whatismyip.com/,70
92.52.186.123,32329,asyncio.exceptions.TimeoutError,https://www.whatismyip.com.tw/tw/,71
92.52.186.123,32329,asyncio.exceptions.TimeoutError,http://210.240.175.62/NTIIS/IP_test.asp,71
92.52.186.123,32329,asyncio.exceptions.TimeoutError,https://httpbin.org/ip,71
92.52.186.123,32329,asyncio.exceptions.TimeoutError,https://www.myip.com/,71
92.52.186.123,32329,asyncio.exceptions.TimeoutError,https://whatismyipaddress.com/zh-cn/index,71
92.52.186.123,32329,asyncio.exceptions.TimeoutError,https://www.rus.net.tw/myip.php,71
92.52.186.123,32329,"status=403, or ip not show in checkurl",https://www.whatismyip.com/,71
95.165.187.202,45396,asyncio.exceptions.TimeoutError,http://210.240.175.62/NTIIS/IP_test.asp,72
95.165.187.202,45396,asyncio.exceptions.TimeoutError,https://www.myip.com/,72
95.165.187.202,45396,asyncio.exceptions.TimeoutError,https://www.rus.net.tw/myip.php,72
95.165.187.202,45396,asyncio.exceptions.TimeoutError,https://www.whatismyip.com.tw/tw/,72
95.165.187.202,45396,asyncio.exceptions.TimeoutError,https://whatismyipaddress.com/zh-cn/index,72
95.165.187.202,45396,asyncio.exceptions.TimeoutError,https://www.whatismyip.com/,72
95.165.187.202,45396,asyncio.exceptions.TimeoutError,https://httpbin.org/ip,72
97.87.248.14,80,"Cannot connect to host 97.87.248.14:80 ssl:default [Connect call failed ('97.87.248.14', 80)]",https://www.rus.net.tw/myip.php,73
97.87.248.14,80,"Cannot connect to host 97.87.248.14:80 ssl:default [Connect call failed ('97.87.248.14', 80)]",https://whatismyipaddress.com/zh-cn/index,73
97.87.248.14,80,"Cannot connect to host 97.87.248.14:80 ssl:default [Connect call failed ('97.87.248.14', 80)]",http://210.240.175.62/NTIIS/IP_test.asp,73
97.87.248.14,80,"Cannot connect to host 97.87.248.14:80 ssl:default [Connect call failed ('97.87.248.14', 80)]",https://www.whatismyip.com.tw/tw/,73
97.87.248.14,80,"Cannot connect to host 97.87.248.14:80 ssl:default [Connect call failed ('97.87.248.14', 80)]",https://www.myip.com/,73
97.87.248.14,80,"Cannot connect to host 97.87.248.14:80 ssl:default [Connect call failed ('97.87.248.14', 80)]",https://httpbin.org/ip,73
97.87.248.14,80,"Cannot connect to host 97.87.248.14:80 ssl:default [Connect call failed ('97.87.248.14', 80)]",https://www.whatismyip.com/,73
